ProductId,MinimumBatchSize,MaximumBatchSize,ListPrice,BatchDisabled,BATCHID,STATUS,MSG,DTALTER,FLAG,CODPROD,TIPDESC,PERCDESC,NUPROMOCAO,CODTAB,NUTAB,CODEMP,DTINICIAL,DTFINAL,DESCR_TIPO_FAST,FLAG_BATCH,DESCODTAB,GRUPODESCPROD
31401222,5,9,32786,false,<nil>,<nil>,<nil>,<nil>,INVALID,5020,P,3,7,17,1481,26,2023-01-18 00:00:00 +0000 UTC,2023-10-15 00:00:00 +0000 UTC,Distribuição,CODPRO E CODTAB,17,***************
31401222,10,14,32110,false,<nil>,<nil>,<nil>,<nil>,INVALID,5020,P,5,7,17,1481,26,2023-01-18 00:00:00 +0000 UTC,2023-10-15 00:00:00 +0000 UTC,Distribuição,CODPRO E CODTAB,17,***************
31401222,15,1000,31096,false,<nil>,<nil>,<nil>,<nil>,INVALID,5020,P,8,7,17,1481,26,2023-01-18 00:00:00 +0000 UTC,2023-10-15 00:00:00 +0000 UTC,Distribuição,CODPRO E CODTAB,17,***************
31240953,1,3,70377,false,<nil>,<nil>,<nil>,<nil>,INVALID,14109,P,0,9,17,1481,0,2023-05-31 00:00:00 +0000 UTC,2023-10-15 00:00:00 +0000 UTC,Distribuição,CODPRO E CODTAB,17,***************
31240953,4,6,68266,false,<nil>,<nil>,<nil>,<nil>,INVALID,14109,P,3,9,17,1481,0,2023-05-31 00:00:00 +0000 UTC,2023-10-15 00:00:00 +0000 UTC,Distribuição,CODPRO E CODTAB,17,***************
31240953,7,9,66858,false,<nil>,<nil>,<nil>,<nil>,INVALID,14109,P,5,9,17,1481,0,2023-05-31 00:00:00 +0000 UTC,2023-10-15 00:00:00 +0000 UTC,Distribuição,CODPRO E CODTAB,17,***************
31240953,10,1000,64747,false,<nil>,<nil>,<nil>,<nil>,INVALID,14109,P,8,9,17,1481,0,2023-05-31 00:00:00 +0000 UTC,2023-10-15 00:00:00 +0000 UTC,Distribuição,CODPRO E CODTAB,17,***************
31251453,1,3,40536,false,<nil>,<nil>,<nil>,<nil>,INVALID,5919,P,0,10,17,1481,0,2023-05-31 00:00:00 +0000 UTC,2023-10-15 00:00:00 +0000 UTC,Distribuição,CODPRO E CODTAB,17,***************
31251453,4,6,39320,false,<nil>,<nil>,<nil>,<nil>,INVALID,5919,P,3,10,17,1481,0,2023-05-31 00:00:00 +0000 UTC,2023-10-15 00:00:00 +0000 UTC,Distribuição,CODPRO E CODTAB,17,***************
31251453,7,9,38509,false,<nil>,<nil>,<nil>,<nil>,INVALID,5919,P,5,10,17,1481,0,2023-05-31 00:00:00 +0000 UTC,2023-10-15 00:00:00 +0000 UTC,Distribuição,CODPRO E CODTAB,17,***************
31251453,10,1000,37293,false,<nil>,<nil>,<nil>,<nil>,INVALID,5919,P,8,10,17,1481,0,2023-05-31 00:00:00 +0000 UTC,2023-10-15 00:00:00 +0000 UTC,Distribuição,CODPRO E CODTAB,17,***************
31253653,1,3,000,false,<nil>,<nil>,<nil>,<nil>,INVALID,5954,P,0,11,17,1481,0,2023-05-31 00:00:00 +0000 UTC,2023-10-15 00:00:00 +0000 UTC,Distribuição,CODPRO E CODTAB,17,***************
31253653,4,6,000,false,<nil>,<nil>,<nil>,<nil>,INVALID,5954,P,3,11,17,1481,0,2023-05-31 00:00:00 +0000 UTC,2023-10-15 00:00:00 +0000 UTC,Distribuição,CODPRO E CODTAB,17,***************
31253653,7,9,000,false,<nil>,<nil>,<nil>,<nil>,INVALID,5954,P,5,11,17,1481,0,2023-05-31 00:00:00 +0000 UTC,2023-10-15 00:00:00 +0000 UTC,Distribuição,CODPRO E CODTAB,17,***************
31253653,10,1000,000,false,<nil>,<nil>,<nil>,<nil>,INVALID,5954,P,8,11,17,1481,0,2023-05-31 00:00:00 +0000 UTC,2023-10-15 00:00:00 +0000 UTC,Distribuição,CODPRO E CODTAB,17,***************
31013353,5,9,49439,false,<nil>,<nil>,<nil>,<nil>,INVALID,9102,P,1,51,17,1481,26,2023-10-16 00:00:00 +0000 UTC,2023-10-15 00:00:00 +0000 UTC,Distribuição,CODPRO E CODTAB,17,***************
31013353,10,1000,48939,false,<nil>,<nil>,<nil>,<nil>,INVALID,9102,P,2,51,17,1481,26,2023-10-16 00:00:00 +0000 UTC,2023-10-15 00:00:00 +0000 UTC,Distribuição,CODPRO E CODTAB,17,***************
31252653,3,998,44616,false,<nil>,<nil>,<nil>,<nil>,INVALID,5942,V,446.16,56,17,1481,26,2024-04-10 00:00:00 +0000 UTC,2024-04-21 00:00:00 +0000 UTC,Distribuição,CODPRO E CODTAB,17,***************
31252653,999,1000,40776,false,<nil>,<nil>,<nil>,<nil>,INVALID,5942,V,407.76,56,17,1481,26,2024-04-10 00:00:00 +0000 UTC,2024-04-21 00:00:00 +0000 UTC,Distribuição,CODPRO E CODTAB,17,***************
31423553,3,998,44616,false,<nil>,<nil>,<nil>,<nil>,INVALID,10786,V,446.16,57,17,1481,26,2024-04-10 00:00:00 +0000 UTC,2024-04-21 00:00:00 +0000 UTC,Distribuição,CODPRO E CODTAB,17,***************
31423553,999,1000,40776,false,<nil>,<nil>,<nil>,<nil>,INVALID,10786,V,407.76,57,17,1481,26,2024-04-10 00:00:00 +0000 UTC,2024-04-21 00:00:00 +0000 UTC,Distribuição,CODPRO E CODTAB,17,***************
31252653,3,998,44616,false,<nil>,<nil>,<nil>,<nil>,INVALID,5942,V,446.16,58,17,1481,26,2024-04-23 00:00:00 +0000 UTC,2024-06-19 00:00:00 +0000 UTC,Distribuição,CODPRO E CODTAB,17,***************
31252653,999,1000,40776,false,<nil>,<nil>,<nil>,<nil>,INVALID,5942,V,407.76,58,17,1481,26,2024-04-23 00:00:00 +0000 UTC,2024-06-19 00:00:00 +0000 UTC,Distribuição,CODPRO E CODTAB,17,***************
31423553,3,998,44616,false,<nil>,<nil>,<nil>,<nil>,INVALID,10786,V,446.16,59,17,1481,26,2024-04-23 00:00:00 +0000 UTC,2024-04-30 00:00:00 +0000 UTC,Distribuição,CODPRO E CODTAB,17,***************
31423553,999,1000,40776,false,<nil>,<nil>,<nil>,<nil>,INVALID,10786,V,407.76,59,17,1481,26,2024-04-23 00:00:00 +0000 UTC,2024-04-30 00:00:00 +0000 UTC,Distribuição,CODPRO E CODTAB,17,***************
31251453,4,998,45552,false,<nil>,<nil>,<nil>,<nil>,INVALID,5919,V,455.52,60,17,1481,26,2024-04-23 00:00:00 +0000 UTC,2024-04-30 00:00:00 +0000 UTC,Distribuição,CODPRO E CODTAB,17,***************
31251453,999,1000,40776,false,<nil>,<nil>,<nil>,<nil>,INVALID,5919,V,407.76,60,17,1481,26,2024-04-23 00:00:00 +0000 UTC,2024-04-30 00:00:00 +0000 UTC,Distribuição,CODPRO E CODTAB,17,***************
31236922,1,4,35990,false,<nil>,<nil>,<nil>,<nil>,INVALID,11719,V,359.9,61,17,1481,26,2024-06-17 00:00:00 +0000 UTC,2024-06-18 00:00:00 +0000 UTC,Distribuição,CODPRO E CODTAB,17,***************
31236922,5,9,34990,false,<nil>,<nil>,<nil>,<nil>,INVALID,11719,V,349.9,61,17,1481,26,2024-06-17 00:00:00 +0000 UTC,2024-06-18 00:00:00 +0000 UTC,Distribuição,CODPRO E CODTAB,17,***************
31236922,10,199,34990,false,<nil>,<nil>,<nil>,<nil>,INVALID,11719,V,349.9,61,17,1481,26,2024-06-17 00:00:00 +0000 UTC,2024-06-18 00:00:00 +0000 UTC,Distribuição,CODPRO E CODTAB,17,***************
31236922,200,1000,33498,false,<nil>,<nil>,<nil>,<nil>,INVALID,11719,V,334.98,61,17,1481,26,2024-06-17 00:00:00 +0000 UTC,2024-06-18 00:00:00 +0000 UTC,Distribuição,CODPRO E CODTAB,17,***************
31423553,1,2,45552,false,<nil>,<nil>,<nil>,<nil>,INVALID,10786,V,455.52,62,17,1481,26,2024-06-17 00:00:00 +0000 UTC,2024-06-18 00:00:00 +0000 UTC,Distribuição,CODPRO E CODTAB,17,***************
31423553,3,199,45552,false,<nil>,<nil>,<nil>,<nil>,INVALID,10786,V,455.52,62,17,1481,26,2024-06-17 00:00:00 +0000 UTC,2024-06-18 00:00:00 +0000 UTC,Distribuição,CODPRO E CODTAB,17,***************
31423553,200,1000,41160,false,<nil>,<nil>,<nil>,<nil>,INVALID,10786,V,411.6,62,17,1481,26,2024-06-17 00:00:00 +0000 UTC,2024-06-18 00:00:00 +0000 UTC,Distribuição,CODPRO E CODTAB,17,***************
31412953,1,4,45408,false,<nil>,<nil>,<nil>,<nil>,INVALID,10841,V,454.08,63,17,1481,26,2024-06-17 00:00:00 +0000 UTC,2024-06-18 00:00:00 +0000 UTC,Distribuição,CODPRO E CODTAB,17,***************
31412953,5,199,45408,false,<nil>,<nil>,<nil>,<nil>,INVALID,10841,V,454.08,63,17,1481,26,2024-06-17 00:00:00 +0000 UTC,2024-06-18 00:00:00 +0000 UTC,Distribuição,CODPRO E CODTAB,17,***************
31412953,200,1000,42600,false,<nil>,<nil>,<nil>,<nil>,INVALID,10841,V,426,63,17,1481,26,2024-06-17 00:00:00 +0000 UTC,2024-06-18 00:00:00 +0000 UTC,Distribuição,CODPRO E CODTAB,17,***************
31252653,1,2,44616,false,<nil>,<nil>,<nil>,<nil>,INVALID,5942,V,446.16,65,17,1481,26,2024-06-17 00:00:00 +0000 UTC,2024-06-18 00:00:00 +0000 UTC,Distribuição,CODPRO E CODTAB,17,***************
31252653,3,199,44616,false,<nil>,<nil>,<nil>,<nil>,INVALID,5942,V,446.16,65,17,1481,26,2024-06-17 00:00:00 +0000 UTC,2024-06-18 00:00:00 +0000 UTC,Distribuição,CODPRO E CODTAB,17,***************
31252653,200,1000,40776,false,<nil>,<nil>,<nil>,<nil>,INVALID,5942,V,407.76,65,17,1481,26,2024-06-17 00:00:00 +0000 UTC,2024-06-18 00:00:00 +0000 UTC,Distribuição,CODPRO E CODTAB,17,***************
31421022,10,199,31900,false,<nil>,<nil>,<nil>,<nil>,INVALID,9617,V,319,66,17,1481,26,2024-06-17 00:00:00 +0000 UTC,2024-06-18 00:00:00 +0000 UTC,Distribuição,CODPRO E CODTAB,17,***************
31421022,200,1000,29400,false,<nil>,<nil>,<nil>,<nil>,INVALID,9617,V,294,66,17,1481,26,2024-06-17 00:00:00 +0000 UTC,2024-06-18 00:00:00 +0000 UTC,Distribuição,CODPRO E CODTAB,17,***************
31251410,200,1000,339800,false,<nil>,<nil>,<nil>,<nil>,INVALID,6858,V,3398,67,17,1481,26,2024-06-17 00:00:00 +0000 UTC,2024-06-18 00:00:00 +0000 UTC,Distribuição,CODPRO E CODTAB,17,***************
31013353,1,9,52752,false,<nil>,<nil>,<nil>,<nil>,INVALID,9102,V,527.52,68,17,1481,26,2024-06-17 00:00:00 +0000 UTC,2024-06-18 00:00:00 +0000 UTC,Distribuição,CODPRO E CODTAB,17,***************
31013353,10,199,52752,false,<nil>,<nil>,<nil>,<nil>,INVALID,9102,V,527.52,68,17,1481,26,2024-06-17 00:00:00 +0000 UTC,2024-06-18 00:00:00 +0000 UTC,Distribuição,CODPRO E CODTAB,17,***************
31013353,200,1000,47952,false,<nil>,<nil>,<nil>,<nil>,INVALID,9102,V,479.52,68,17,1481,26,2024-06-17 00:00:00 +0000 UTC,2024-06-18 00:00:00 +0000 UTC,Distribuição,CODPRO E CODTAB,17,***************
31408053,1,9,45552,false,<nil>,<nil>,<nil>,<nil>,INVALID,12412,V,455.52,71,17,1481,26,2024-06-17 00:00:00 +0000 UTC,2024-06-18 00:00:00 +0000 UTC,Distribuição,CODPRO E CODTAB,17,***************
31408053,10,199,45552,false,<nil>,<nil>,<nil>,<nil>,INVALID,12412,V,455.52,71,17,1481,26,2024-06-17 00:00:00 +0000 UTC,2024-06-18 00:00:00 +0000 UTC,Distribuição,CODPRO E CODTAB,17,***************
31408053,200,1000,40752,false,<nil>,<nil>,<nil>,<nil>,INVALID,12412,V,407.52,71,17,1481,26,2024-06-17 00:00:00 +0000 UTC,2024-06-18 00:00:00 +0000 UTC,Distribuição,CODPRO E CODTAB,17,***************
31236922,6,10,34990,false,<nil>,<nil>,<nil>,<nil>,INVALID,11719,V,349.9,90,17,1481,26,2024-06-24 00:00:00 +0000 UTC,2024-06-23 00:00:00 +0000 UTC,Distribuição,CODPRO E CODTAB,17,***************
31236922,11,1000,33498,false,<nil>,<nil>,<nil>,<nil>,INVALID,11719,V,334.98,90,17,1481,26,2024-06-24 00:00:00 +0000 UTC,2024-06-23 00:00:00 +0000 UTC,Distribuição,CODPRO E CODTAB,17,***************
31401222,6,10,35500,false,<nil>,<nil>,<nil>,<nil>,INVALID,5020,V,355,91,17,1481,26,2024-06-24 00:00:00 +0000 UTC,2024-06-23 00:00:00 +0000 UTC,Distribuição,CODPRO E CODTAB,17,***************
31401222,11,1000,34990,false,<nil>,<nil>,<nil>,<nil>,INVALID,5020,V,349.9,91,17,1481,26,2024-06-24 00:00:00 +0000 UTC,2024-06-23 00:00:00 +0000 UTC,Distribuição,CODPRO E CODTAB,17,***************
31423553,4,1000,41160,false,<nil>,<nil>,<nil>,<nil>,INVALID,10786,V,411.6,92,17,1481,26,2024-06-24 00:00:00 +0000 UTC,2024-06-23 00:00:00 +0000 UTC,Distribuição,CODPRO E CODTAB,17,***************
31234622,6,10,31500,false,<nil>,<nil>,<nil>,<nil>,INVALID,12614,V,315,93,17,1481,26,2024-06-24 00:00:00 +0000 UTC,2024-06-23 00:00:00 +0000 UTC,Distribuição,CODPRO E CODTAB,17,***************
31234622,11,1000,29890,false,<nil>,<nil>,<nil>,<nil>,INVALID,12614,V,298.9,93,17,1481,26,2024-06-24 00:00:00 +0000 UTC,2024-06-23 00:00:00 +0000 UTC,Distribuição,CODPRO E CODTAB,17,***************
31412953,6,1000,41976,false,<nil>,<nil>,<nil>,<nil>,INVALID,10841,V,419.76,95,17,1481,26,2024-06-24 00:00:00 +0000 UTC,2024-06-23 00:00:00 +0000 UTC,Distribuição,CODPRO E CODTAB,17,***************
31408053,6,10,42240,false,<nil>,<nil>,<nil>,<nil>,INVALID,12412,V,422.4,96,17,1481,26,2024-06-24 00:00:00 +0000 UTC,2024-06-23 00:00:00 +0000 UTC,Distribuição,CODPRO E CODTAB,17,***************
31408053,11,1000,40752,false,<nil>,<nil>,<nil>,<nil>,INVALID,12412,V,407.52,96,17,1481,26,2024-06-24 00:00:00 +0000 UTC,2024-06-23 00:00:00 +0000 UTC,Distribuição,CODPRO E CODTAB,17,***************
31239922,6,10,30500,false,<nil>,<nil>,<nil>,<nil>,INVALID,11770,V,305,97,17,1481,26,2024-06-24 00:00:00 +0000 UTC,2024-06-23 00:00:00 +0000 UTC,Distribuição,CODPRO E CODTAB,17,***************
31239922,11,1000,28890,false,<nil>,<nil>,<nil>,<nil>,INVALID,11770,V,288.9,97,17,1481,26,2024-06-24 00:00:00 +0000 UTC,2024-06-23 00:00:00 +0000 UTC,Distribuição,CODPRO E CODTAB,17,***************
31252653,4,1000,40776,false,<nil>,<nil>,<nil>,<nil>,INVALID,5942,V,407.76,98,17,1481,26,2024-06-24 00:00:00 +0000 UTC,2024-06-23 00:00:00 +0000 UTC,Distribuição,CODPRO E CODTAB,17,***************
31421022,7,10,30890,false,<nil>,<nil>,<nil>,<nil>,INVALID,9617,V,308.9,99,17,1481,26,2024-06-24 00:00:00 +0000 UTC,2024-06-23 00:00:00 +0000 UTC,Distribuição,CODPRO E CODTAB,17,***************
31421022,11,1000,29400,false,<nil>,<nil>,<nil>,<nil>,INVALID,9617,V,294,99,17,1481,26,2024-06-24 00:00:00 +0000 UTC,2024-06-23 00:00:00 +0000 UTC,Distribuição,CODPRO E CODTAB,17,***************
31251453,6,1000,41976,false,<nil>,<nil>,<nil>,<nil>,INVALID,5919,V,419.76,100,17,1481,26,2024-06-24 00:00:00 +0000 UTC,2024-06-23 00:00:00 +0000 UTC,Distribuição,CODPRO E CODTAB,17,***************
31080453,6,1000,50880,false,<nil>,<nil>,<nil>,<nil>,INVALID,12082,V,508.8,101,17,1481,26,2024-06-24 00:00:00 +0000 UTC,2024-06-23 00:00:00 +0000 UTC,Distribuição,CODPRO E CODTAB,17,***************
31234522,6,10,31900,false,<nil>,<nil>,<nil>,<nil>,INVALID,12643,V,319,102,17,1481,26,2024-06-24 00:00:00 +0000 UTC,2024-06-23 00:00:00 +0000 UTC,Distribuição,CODPRO E CODTAB,17,***************
31234522,11,1000,31000,false,<nil>,<nil>,<nil>,<nil>,INVALID,12643,V,310,102,17,1481,26,2024-06-24 00:00:00 +0000 UTC,2024-06-23 00:00:00 +0000 UTC,Distribuição,CODPRO E CODTAB,17,***************
31013353,6,10,48960,false,<nil>,<nil>,<nil>,<nil>,INVALID,9102,V,489.6,103,17,1481,26,2024-06-24 00:00:00 +0000 UTC,2024-06-23 00:00:00 +0000 UTC,Distribuição,CODPRO E CODTAB,17,***************
31013353,11,1000,47952,false,<nil>,<nil>,<nil>,<nil>,INVALID,9102,V,479.52,103,17,1481,26,2024-06-24 00:00:00 +0000 UTC,2024-06-23 00:00:00 +0000 UTC,Distribuição,CODPRO E CODTAB,17,***************
31013353,6,10,48960,false,<nil>,<nil>,<nil>,<nil>,INVALID,9102,V,489.6,104,17,1481,26,2024-06-25 00:00:00 +0000 UTC,2024-06-30 00:00:00 +0000 UTC,Distribuição,CODPRO E CODTAB,17,***************
31013353,11,1000,47952,false,<nil>,<nil>,<nil>,<nil>,INVALID,9102,V,479.52,104,17,1481,26,2024-06-25 00:00:00 +0000 UTC,2024-06-30 00:00:00 +0000 UTC,Distribuição,CODPRO E CODTAB,17,***************
31234522,6,10,31900,false,<nil>,<nil>,<nil>,<nil>,INVALID,12643,V,319,105,17,1481,26,2024-06-25 00:00:00 +0000 UTC,2024-06-30 00:00:00 +0000 UTC,Distribuição,CODPRO E CODTAB,17,***************
31234522,11,1000,31000,false,<nil>,<nil>,<nil>,<nil>,INVALID,12643,V,310,105,17,1481,26,2024-06-25 00:00:00 +0000 UTC,2024-06-30 00:00:00 +0000 UTC,Distribuição,CODPRO E CODTAB,17,***************
31080453,6,1000,50880,false,<nil>,<nil>,<nil>,<nil>,INVALID,12082,V,508.8,106,17,1481,26,2024-06-25 00:00:00 +0000 UTC,2024-06-30 00:00:00 +0000 UTC,Distribuição,CODPRO E CODTAB,17,***************
31251453,6,1000,41976,false,<nil>,<nil>,<nil>,<nil>,INVALID,5919,V,419.76,107,17,1481,26,2024-06-25 00:00:00 +0000 UTC,2024-06-30 00:00:00 +0000 UTC,Distribuição,CODPRO E CODTAB,17,***************
31421022,7,10,30890,false,<nil>,<nil>,<nil>,<nil>,INVALID,9617,V,308.9,108,17,1481,26,2024-06-25 00:00:00 +0000 UTC,2024-06-30 00:00:00 +0000 UTC,Distribuição,CODPRO E CODTAB,17,***************
31421022,11,1000,29400,false,<nil>,<nil>,<nil>,<nil>,INVALID,9617,V,294,108,17,1481,26,2024-06-25 00:00:00 +0000 UTC,2024-06-30 00:00:00 +0000 UTC,Distribuição,CODPRO E CODTAB,17,***************
31252653,4,1000,40776,false,<nil>,<nil>,<nil>,<nil>,INVALID,5942,V,407.76,109,17,1481,26,2024-06-25 00:00:00 +0000 UTC,2024-06-30 00:00:00 +0000 UTC,Distribuição,CODPRO E CODTAB,17,***************
31239922,6,10,30500,false,<nil>,<nil>,<nil>,<nil>,INVALID,11770,V,305,110,17,1481,26,2024-06-25 00:00:00 +0000 UTC,2024-06-30 00:00:00 +0000 UTC,Distribuição,CODPRO E CODTAB,17,***************
31239922,11,1000,28890,false,<nil>,<nil>,<nil>,<nil>,INVALID,11770,V,288.9,110,17,1481,26,2024-06-25 00:00:00 +0000 UTC,2024-06-30 00:00:00 +0000 UTC,Distribuição,CODPRO E CODTAB,17,***************
31408053,6,10,42240,false,<nil>,<nil>,<nil>,<nil>,INVALID,12412,V,422.4,111,17,1481,26,2024-06-25 00:00:00 +0000 UTC,2024-06-30 00:00:00 +0000 UTC,Distribuição,CODPRO E CODTAB,17,***************
31408053,11,1000,40752,false,<nil>,<nil>,<nil>,<nil>,INVALID,12412,V,407.52,111,17,1481,26,2024-06-25 00:00:00 +0000 UTC,2024-06-30 00:00:00 +0000 UTC,Distribuição,CODPRO E CODTAB,17,***************
31412953,6,1000,41976,false,<nil>,<nil>,<nil>,<nil>,INVALID,10841,V,419.76,112,17,1481,26,2024-06-25 00:00:00 +0000 UTC,2024-06-30 00:00:00 +0000 UTC,Distribuição,CODPRO E CODTAB,17,***************
31234622,6,10,31500,false,<nil>,<nil>,<nil>,<nil>,INVALID,12614,V,315,114,17,1481,26,2024-06-25 00:00:00 +0000 UTC,2024-06-30 00:00:00 +0000 UTC,Distribuição,CODPRO E CODTAB,17,***************
31234622,11,1000,29890,false,<nil>,<nil>,<nil>,<nil>,INVALID,12614,V,298.9,114,17,1481,26,2024-06-25 00:00:00 +0000 UTC,2024-06-30 00:00:00 +0000 UTC,Distribuição,CODPRO E CODTAB,17,***************
31423553,4,1000,41160,false,<nil>,<nil>,<nil>,<nil>,INVALID,10786,V,411.6,115,17,1481,26,2024-06-25 00:00:00 +0000 UTC,2024-06-30 00:00:00 +0000 UTC,Distribuição,CODPRO E CODTAB,17,***************
31401222,6,10,35500,false,<nil>,<nil>,<nil>,<nil>,INVALID,5020,V,355,116,17,1481,26,2024-06-25 00:00:00 +0000 UTC,2024-06-30 00:00:00 +0000 UTC,Distribuição,CODPRO E CODTAB,17,***************
31401222,11,1000,34990,false,<nil>,<nil>,<nil>,<nil>,INVALID,5020,V,349.9,116,17,1481,26,2024-06-25 00:00:00 +0000 UTC,2024-06-30 00:00:00 +0000 UTC,Distribuição,CODPRO E CODTAB,17,***************
31236922,6,10,34990,false,<nil>,<nil>,<nil>,<nil>,INVALID,11719,V,349.9,117,17,1481,26,2024-06-25 00:00:00 +0000 UTC,2024-06-30 00:00:00 +0000 UTC,Distribuição,CODPRO E CODTAB,17,***************
31236922,11,1000,33498,false,<nil>,<nil>,<nil>,<nil>,INVALID,11719,V,334.98,117,17,1481,26,2024-06-25 00:00:00 +0000 UTC,2024-06-30 00:00:00 +0000 UTC,Distribuição,CODPRO E CODTAB,17,***************
31401222,6,10,32786,false,<nil>,<nil>,<nil>,<nil>,INVALID,5020,P,3,119,17,1481,26,2024-08-27 00:00:00 +0000 UTC,2024-08-27 00:00:00 +0000 UTC,Distribuição,CODPRO E CODTAB,17,***************
31401222,11,18,32110,false,<nil>,<nil>,<nil>,<nil>,INVALID,5020,P,5,119,17,1481,26,2024-08-27 00:00:00 +0000 UTC,2024-08-27 00:00:00 +0000 UTC,Distribuição,CODPRO E CODTAB,17,***************
31401222,19,1000,31096,false,<nil>,<nil>,<nil>,<nil>,INVALID,5020,P,8,119,17,1481,26,2024-08-27 00:00:00 +0000 UTC,2024-08-27 00:00:00 +0000 UTC,Distribuição,CODPRO E CODTAB,17,***************
31401222,6,10,32786,false,<nil>,<nil>,<nil>,<nil>,INVALID,5020,P,3,120,17,1481,26,2024-09-01 00:00:00 +0000 UTC,2024-09-07 00:00:00 +0000 UTC,Distribuição,CODPRO E CODTAB,17,***************
31401222,11,18,32110,false,<nil>,<nil>,<nil>,<nil>,INVALID,5020,P,5,120,17,1481,26,2024-09-01 00:00:00 +0000 UTC,2024-09-07 00:00:00 +0000 UTC,Distribuição,CODPRO E CODTAB,17,***************
31401222,19,1000,31096,false,<nil>,<nil>,<nil>,<nil>,INVALID,5020,P,8,120,17,1481,26,2024-09-01 00:00:00 +0000 UTC,2024-09-07 00:00:00 +0000 UTC,Distribuição,CODPRO E CODTAB,17,***************
31401222,6,10,32786,false,<nil>,<nil>,<nil>,<nil>,INVALID,5020,P,3,121,17,1481,26,2024-09-01 00:00:00 +0000 UTC,2024-09-12 00:00:00 +0000 UTC,Distribuição,CODPRO E CODTAB,17,***************
31401222,11,18,32110,false,<nil>,<nil>,<nil>,<nil>,INVALID,5020,P,5,121,17,1481,26,2024-09-01 00:00:00 +0000 UTC,2024-09-12 00:00:00 +0000 UTC,Distribuição,CODPRO E CODTAB,17,***************
31401222,19,1000,31096,false,<nil>,<nil>,<nil>,<nil>,INVALID,5020,P,8,121,17,1481,26,2024-09-01 00:00:00 +0000 UTC,2024-09-12 00:00:00 +0000 UTC,Distribuição,CODPRO E CODTAB,17,***************
31236922,3,4,31816,false,<nil>,<nil>,<nil>,<nil>,INVALID,11719,P,3,122,17,1481,26,2024-09-02 00:00:00 +0000 UTC,2024-09-30 00:00:00 +0000 UTC,Distribuição,CODPRO E CODTAB,17,***************
31236922,5,9,31160,false,<nil>,<nil>,<nil>,<nil>,INVALID,11719,P,5,122,17,1481,26,2024-09-02 00:00:00 +0000 UTC,2024-09-30 00:00:00 +0000 UTC,Distribuição,CODPRO E CODTAB,17,***************
31236922,10,1000,29192,false,<nil>,<nil>,<nil>,<nil>,INVALID,11719,P,11,122,17,1481,26,2024-09-02 00:00:00 +0000 UTC,2024-09-30 00:00:00 +0000 UTC,Distribuição,CODPRO E CODTAB,17,***************
31234622,3,4,28991,false,<nil>,<nil>,<nil>,<nil>,INVALID,12614,P,4,123,17,1481,26,2024-09-02 00:00:00 +0000 UTC,2024-09-30 00:00:00 +0000 UTC,Distribuição,CODPRO E CODTAB,17,***************
31234622,5,9,28689,false,<nil>,<nil>,<nil>,<nil>,INVALID,12614,P,5,123,17,1481,26,2024-09-02 00:00:00 +0000 UTC,2024-09-30 00:00:00 +0000 UTC,Distribuição,CODPRO E CODTAB,17,***************
31234622,10,1000,27481,false,<nil>,<nil>,<nil>,<nil>,INVALID,12614,P,9,123,17,1481,26,2024-09-02 00:00:00 +0000 UTC,2024-09-30 00:00:00 +0000 UTC,Distribuição,CODPRO E CODTAB,17,***************
31239922,3,4,28314,false,<nil>,<nil>,<nil>,<nil>,INVALID,11770,P,3,124,17,1481,26,2024-09-01 00:00:00 +0000 UTC,2024-09-30 00:00:00 +0000 UTC,Distribuição,CODPRO E CODTAB,17,***************
31239922,5,9,27730,false,<nil>,<nil>,<nil>,<nil>,INVALID,11770,P,5,124,17,1481,26,2024-09-01 00:00:00 +0000 UTC,2024-09-30 00:00:00 +0000 UTC,Distribuição,CODPRO E CODTAB,17,***************
31239922,10,1000,27147,false,<nil>,<nil>,<nil>,<nil>,INVALID,11770,P,7,124,17,1481,26,2024-09-01 00:00:00 +0000 UTC,2024-09-30 00:00:00 +0000 UTC,Distribuição,CODPRO E CODTAB,17,***************
31401222,3,4,32448,false,<nil>,<nil>,<nil>,<nil>,INVALID,5020,P,4,125,17,1481,26,2024-09-02 00:00:00 +0000 UTC,2024-09-30 00:00:00 +0000 UTC,Distribuição,CODPRO E CODTAB,17,***************
31401222,5,9,32110,false,<nil>,<nil>,<nil>,<nil>,INVALID,5020,P,5,125,17,1481,26,2024-09-02 00:00:00 +0000 UTC,2024-09-30 00:00:00 +0000 UTC,Distribuição,CODPRO E CODTAB,17,***************
31401222,10,1000,30420,false,<nil>,<nil>,<nil>,<nil>,INVALID,5020,P,10,125,17,1481,26,2024-09-02 00:00:00 +0000 UTC,2024-09-30 00:00:00 +0000 UTC,Distribuição,CODPRO E CODTAB,17,***************
31234522,3,4,30048,false,<nil>,<nil>,<nil>,<nil>,INVALID,12643,P,4,126,17,1481,26,2024-09-02 00:00:00 +0000 UTC,2024-09-30 00:00:00 +0000 UTC,Distribuição,CODPRO E CODTAB,17,***************
31234522,5,9,29735,false,<nil>,<nil>,<nil>,<nil>,INVALID,12643,P,5,126,17,1481,26,2024-09-02 00:00:00 +0000 UTC,2024-09-30 00:00:00 +0000 UTC,Distribuição,CODPRO E CODTAB,17,***************
31234522,10,1000,29109,false,<nil>,<nil>,<nil>,<nil>,INVALID,12643,P,7,126,17,1481,26,2024-09-02 00:00:00 +0000 UTC,2024-09-30 00:00:00 +0000 UTC,Distribuição,CODPRO E CODTAB,17,***************
31421022,3,5,28804,false,<nil>,<nil>,<nil>,<nil>,INVALID,9617,P,3,127,17,1481,26,2024-09-02 00:00:00 +0000 UTC,2024-09-30 00:00:00 +0000 UTC,Distribuição,CODPRO E CODTAB,17,***************
31421022,6,9,28210,false,<nil>,<nil>,<nil>,<nil>,INVALID,9617,P,5,127,17,1481,26,2024-09-02 00:00:00 +0000 UTC,2024-09-30 00:00:00 +0000 UTC,Distribuição,CODPRO E CODTAB,17,***************
31421022,10,1000,27616,false,<nil>,<nil>,<nil>,<nil>,INVALID,9617,P,7,127,17,1481,26,2024-09-02 00:00:00 +0000 UTC,2024-09-30 00:00:00 +0000 UTC,Distribuição,CODPRO E CODTAB,17,***************
31408053,3,4,38661,false,<nil>,<nil>,<nil>,<nil>,INVALID,12412,P,4,128,17,1481,26,2024-09-02 00:00:00 +0000 UTC,2024-09-30 00:00:00 +0000 UTC,Distribuição,CODPRO E CODTAB,17,***************
31408053,5,9,37856,false,<nil>,<nil>,<nil>,<nil>,INVALID,12412,P,6,128,17,1481,26,2024-09-02 00:00:00 +0000 UTC,2024-09-30 00:00:00 +0000 UTC,Distribuição,CODPRO E CODTAB,17,***************
31408053,10,1000,36648,false,<nil>,<nil>,<nil>,<nil>,INVALID,12412,P,9,128,17,1481,26,2024-09-02 00:00:00 +0000 UTC,2024-09-30 00:00:00 +0000 UTC,Distribuição,CODPRO E CODTAB,17,***************
31013353,3,4,47940,false,<nil>,<nil>,<nil>,<nil>,INVALID,9102,P,4,129,17,1481,26,2024-09-02 00:00:00 +0000 UTC,2024-09-30 00:00:00 +0000 UTC,Distribuição,CODPRO E CODTAB,17,***************
31013353,5,9,46942,false,<nil>,<nil>,<nil>,<nil>,INVALID,9102,P,6,129,17,1481,26,2024-09-02 00:00:00 +0000 UTC,2024-09-30 00:00:00 +0000 UTC,Distribuição,CODPRO E CODTAB,17,***************
31013353,10,1000,45444,false,<nil>,<nil>,<nil>,<nil>,INVALID,9102,P,9,129,17,1481,26,2024-09-02 00:00:00 +0000 UTC,2024-09-30 00:00:00 +0000 UTC,Distribuição,CODPRO E CODTAB,17,***************
31251453,3,4,38915,false,<nil>,<nil>,<nil>,<nil>,INVALID,5919,P,4,130,17,1481,26,2024-09-02 00:00:00 +0000 UTC,2024-09-30 00:00:00 +0000 UTC,Distribuição,CODPRO E CODTAB,17,***************
31251453,5,9,38509,false,<nil>,<nil>,<nil>,<nil>,INVALID,5919,P,5,130,17,1481,26,2024-09-02 00:00:00 +0000 UTC,2024-09-30 00:00:00 +0000 UTC,Distribuição,CODPRO E CODTAB,17,***************
31251453,10,1000,36482,false,<nil>,<nil>,<nil>,<nil>,INVALID,5919,P,10,130,17,1481,26,2024-09-02 00:00:00 +0000 UTC,2024-09-30 00:00:00 +0000 UTC,Distribuição,CODPRO E CODTAB,17,***************
31254353,3,4,43674,false,<nil>,<nil>,<nil>,<nil>,INVALID,12323,P,8,131,17,1481,26,2024-09-02 00:00:00 +0000 UTC,2024-09-30 00:00:00 +0000 UTC,Distribuição,CODPRO E CODTAB,17,***************
31254353,5,9,42725,false,<nil>,<nil>,<nil>,<nil>,INVALID,12323,P,10,131,17,1481,26,2024-09-02 00:00:00 +0000 UTC,2024-09-30 00:00:00 +0000 UTC,Distribuição,CODPRO E CODTAB,17,***************
31254353,10,1000,40826,false,<nil>,<nil>,<nil>,<nil>,INVALID,12323,P,14,131,17,1481,26,2024-09-02 00:00:00 +0000 UTC,2024-09-30 00:00:00 +0000 UTC,Distribuição,CODPRO E CODTAB,17,***************
31252653,3,4,37997,false,<nil>,<nil>,<nil>,<nil>,INVALID,5942,P,4,132,17,1481,26,2024-09-02 00:00:00 +0000 UTC,2024-09-30 00:00:00 +0000 UTC,Distribuição,CODPRO E CODTAB,17,***************
31252653,5,9,37205,false,<nil>,<nil>,<nil>,<nil>,INVALID,5942,P,6,132,17,1481,26,2024-09-02 00:00:00 +0000 UTC,2024-09-30 00:00:00 +0000 UTC,Distribuição,CODPRO E CODTAB,17,***************
31252653,10,1000,34830,false,<nil>,<nil>,<nil>,<nil>,INVALID,5942,P,12,132,17,1481,26,2024-09-02 00:00:00 +0000 UTC,2024-09-30 00:00:00 +0000 UTC,Distribuição,CODPRO E CODTAB,17,***************
31412953,3,4,39925,false,<nil>,<nil>,<nil>,<nil>,INVALID,10841,P,3,133,17,1481,26,2024-09-02 00:00:00 +0000 UTC,2024-09-30 00:00:00 +0000 UTC,Distribuição,CODPRO E CODTAB,17,***************
31412953,5,9,39514,false,<nil>,<nil>,<nil>,<nil>,INVALID,10841,P,4,133,17,1481,26,2024-09-02 00:00:00 +0000 UTC,2024-09-30 00:00:00 +0000 UTC,Distribuição,CODPRO E CODTAB,17,***************
31412953,10,1000,38279,false,<nil>,<nil>,<nil>,<nil>,INVALID,10841,P,7,133,17,1481,26,2024-09-02 00:00:00 +0000 UTC,2024-09-30 00:00:00 +0000 UTC,Distribuição,CODPRO E CODTAB,17,***************
31080453,3,4,48384,false,<nil>,<nil>,<nil>,<nil>,INVALID,12082,P,4,134,17,1481,26,2024-09-02 00:00:00 +0000 UTC,2024-09-30 00:00:00 +0000 UTC,Distribuição,CODPRO E CODTAB,17,***************
31080453,5,9,47880,false,<nil>,<nil>,<nil>,<nil>,INVALID,12082,P,5,134,17,1481,26,2024-09-02 00:00:00 +0000 UTC,2024-09-30 00:00:00 +0000 UTC,Distribuição,CODPRO E CODTAB,17,***************
31080453,10,1000,47376,false,<nil>,<nil>,<nil>,<nil>,INVALID,12082,P,6,134,17,1481,26,2024-09-02 00:00:00 +0000 UTC,2024-09-30 00:00:00 +0000 UTC,Distribuição,CODPRO E CODTAB,17,***************
31423553,3,4,38393,false,<nil>,<nil>,<nil>,<nil>,INVALID,10786,P,3,135,17,1481,26,2024-09-02 00:00:00 +0000 UTC,2024-09-30 00:00:00 +0000 UTC,Distribuição,CODPRO E CODTAB,17,***************
31423553,5,9,37601,false,<nil>,<nil>,<nil>,<nil>,INVALID,10786,P,5,135,17,1481,26,2024-09-02 00:00:00 +0000 UTC,2024-09-30 00:00:00 +0000 UTC,Distribuição,CODPRO E CODTAB,17,***************
31423553,10,1000,36018,false,<nil>,<nil>,<nil>,<nil>,INVALID,10786,P,9,135,17,1481,26,2024-09-02 00:00:00 +0000 UTC,2024-09-30 00:00:00 +0000 UTC,Distribuição,CODPRO E CODTAB,17,***************
31423553,3,4,43152,false,<nil>,<nil>,<nil>,<nil>,INVALID,10786,V,431.52,136,17,1481,26,2024-09-02 00:00:00 +0000 UTC,2024-10-31 00:00:00 +0000 UTC,Distribuição,CODPRO E CODTAB,17,***************
31423553,5,9,42654,false,<nil>,<nil>,<nil>,<nil>,INVALID,10786,V,426.54,136,17,1481,26,2024-09-02 00:00:00 +0000 UTC,2024-10-31 00:00:00 +0000 UTC,Distribuição,CODPRO E CODTAB,17,***************
31423553,10,1000,40504,false,<nil>,<nil>,<nil>,<nil>,INVALID,10786,V,405.04,136,17,1481,26,2024-09-02 00:00:00 +0000 UTC,2024-10-31 00:00:00 +0000 UTC,Distribuição,CODPRO E CODTAB,17,***************
31080453,3,4,53393,false,<nil>,<nil>,<nil>,<nil>,INVALID,12082,V,533.93,137,17,1481,26,2024-10-01 00:00:00 +0000 UTC,2024-10-31 00:00:00 +0000 UTC,Distribuição,CODPRO E CODTAB,17,***************
31080453,5,9,52474,false,<nil>,<nil>,<nil>,<nil>,INVALID,12082,V,524.74,137,17,1481,26,2024-10-01 00:00:00 +0000 UTC,2024-10-31 00:00:00 +0000 UTC,Distribuição,CODPRO E CODTAB,17,***************
31080453,10,1000,51398,false,<nil>,<nil>,<nil>,<nil>,INVALID,12082,V,513.98,137,17,1481,26,2024-10-01 00:00:00 +0000 UTC,2024-10-31 00:00:00 +0000 UTC,Distribuição,CODPRO E CODTAB,17,***************
31412953,3,4,45026,false,<nil>,<nil>,<nil>,<nil>,INVALID,10841,V,450.26,138,17,1481,26,2024-10-01 00:00:00 +0000 UTC,2024-10-14 00:00:00 +0000 UTC,Distribuição,CODPRO E CODTAB,17,***************
31412953,5,9,43500,false,<nil>,<nil>,<nil>,<nil>,INVALID,10841,V,435,138,17,1481,26,2024-10-01 00:00:00 +0000 UTC,2024-10-14 00:00:00 +0000 UTC,Distribuição,CODPRO E CODTAB,17,***************
31412953,10,1000,41160,false,<nil>,<nil>,<nil>,<nil>,INVALID,10841,V,411.6,138,17,1481,26,2024-10-01 00:00:00 +0000 UTC,2024-10-14 00:00:00 +0000 UTC,Distribuição,CODPRO E CODTAB,17,***************
31251453,3,4,44500,false,<nil>,<nil>,<nil>,<nil>,INVALID,5919,V,445,139,17,1481,26,2024-10-01 00:00:00 +0000 UTC,2024-10-31 00:00:00 +0000 UTC,Distribuição,CODPRO E CODTAB,17,***************
31251453,5,9,42985,false,<nil>,<nil>,<nil>,<nil>,INVALID,5919,V,429.85,139,17,1481,26,2024-10-01 00:00:00 +0000 UTC,2024-10-31 00:00:00 +0000 UTC,Distribuição,CODPRO E CODTAB,17,***************
31251453,10,1000,40536,false,<nil>,<nil>,<nil>,<nil>,INVALID,5919,V,405.36,139,17,1481,26,2024-10-01 00:00:00 +0000 UTC,2024-10-31 00:00:00 +0000 UTC,Distribuição,CODPRO E CODTAB,17,***************
31254353,3,4,43674,false,<nil>,<nil>,<nil>,<nil>,INVALID,12323,P,8,140,17,1481,26,2024-10-01 00:00:00 +0000 UTC,2024-10-31 00:00:00 +0000 UTC,Distribuição,CODPRO E CODTAB,17,***************
31254353,5,9,41775,false,<nil>,<nil>,<nil>,<nil>,INVALID,12323,P,12,140,17,1481,26,2024-10-01 00:00:00 +0000 UTC,2024-10-31 00:00:00 +0000 UTC,Distribuição,CODPRO E CODTAB,17,***************
31254353,10,1000,39402,false,<nil>,<nil>,<nil>,<nil>,INVALID,12323,P,17,140,17,1481,26,2024-10-01 00:00:00 +0000 UTC,2024-10-31 00:00:00 +0000 UTC,Distribuição,CODPRO E CODTAB,17,***************
31252653,3,4,44042,false,<nil>,<nil>,<nil>,<nil>,INVALID,5942,V,440.42,141,17,1481,26,2024-10-01 00:00:00 +0000 UTC,2024-10-31 00:00:00 +0000 UTC,Distribuição,CODPRO E CODTAB,17,***************
31252653,5,9,42984,false,<nil>,<nil>,<nil>,<nil>,INVALID,5942,V,429.84,141,17,1481,26,2024-10-01 00:00:00 +0000 UTC,2024-10-31 00:00:00 +0000 UTC,Distribuição,CODPRO E CODTAB,17,***************
31252653,10,1000,40504,false,<nil>,<nil>,<nil>,<nil>,INVALID,5942,V,405.04,141,17,1481,26,2024-10-01 00:00:00 +0000 UTC,2024-10-31 00:00:00 +0000 UTC,Distribuição,CODPRO E CODTAB,17,***************
31236922,3,4,31816,false,<nil>,<nil>,<nil>,<nil>,INVALID,11719,P,3,142,17,1481,26,2024-10-01 00:00:00 +0000 UTC,2024-10-31 00:00:00 +0000 UTC,Distribuição,CODPRO E CODTAB,17,***************
31236922,5,9,31160,false,<nil>,<nil>,<nil>,<nil>,INVALID,11719,P,5,142,17,1481,26,2024-10-01 00:00:00 +0000 UTC,2024-10-31 00:00:00 +0000 UTC,Distribuição,CODPRO E CODTAB,17,***************
31236922,10,1000,28208,false,<nil>,<nil>,<nil>,<nil>,INVALID,11719,P,14,142,17,1481,26,2024-10-01 00:00:00 +0000 UTC,2024-10-31 00:00:00 +0000 UTC,Distribuição,CODPRO E CODTAB,17,***************
31234622,3,1000,32990,false,<nil>,<nil>,<nil>,<nil>,INVALID,12614,V,329.9,143,17,1481,26,2024-10-01 00:00:00 +0000 UTC,2024-10-07 00:00:00 +0000 UTC,Distribuição,CODPRO E CODTAB,17,***************
31239922,3,4,31700,false,<nil>,<nil>,<nil>,<nil>,INVALID,11770,V,317,144,17,1481,26,2024-10-01 00:00:00 +0000 UTC,2024-10-31 00:00:00 +0000 UTC,Distribuição,CODPRO E CODTAB,17,***************
31239922,5,9,31000,false,<nil>,<nil>,<nil>,<nil>,INVALID,11770,V,310,144,17,1481,26,2024-10-01 00:00:00 +0000 UTC,2024-10-31 00:00:00 +0000 UTC,Distribuição,CODPRO E CODTAB,17,***************
31239922,10,1000,29500,false,<nil>,<nil>,<nil>,<nil>,INVALID,11770,V,295,144,17,1481,26,2024-10-01 00:00:00 +0000 UTC,2024-10-31 00:00:00 +0000 UTC,Distribuição,CODPRO E CODTAB,17,***************
31401222,3,4,37170,false,<nil>,<nil>,<nil>,<nil>,INVALID,5020,V,371.7,145,17,1481,26,2024-10-01 00:00:00 +0000 UTC,2024-10-31 00:00:00 +0000 UTC,Distribuição,CODPRO E CODTAB,17,***************
31401222,5,9,36790,false,<nil>,<nil>,<nil>,<nil>,INVALID,5020,V,367.9,145,17,1481,26,2024-10-01 00:00:00 +0000 UTC,2024-10-31 00:00:00 +0000 UTC,Distribuição,CODPRO E CODTAB,17,***************
31401222,10,1000,34000,false,<nil>,<nil>,<nil>,<nil>,INVALID,5020,V,340,145,17,1481,26,2024-10-01 00:00:00 +0000 UTC,2024-10-31 00:00:00 +0000 UTC,Distribuição,CODPRO E CODTAB,17,***************
31234522,3,4,33490,false,<nil>,<nil>,<nil>,<nil>,INVALID,12643,V,334.9,146,17,1481,26,2024-10-01 00:00:00 +0000 UTC,2024-10-31 00:00:00 +0000 UTC,Distribuição,CODPRO E CODTAB,17,***************
31234522,5,9,33090,false,<nil>,<nil>,<nil>,<nil>,INVALID,12643,V,330.9,146,17,1481,26,2024-10-01 00:00:00 +0000 UTC,2024-10-31 00:00:00 +0000 UTC,Distribuição,CODPRO E CODTAB,17,***************
31234522,10,1000,31500,false,<nil>,<nil>,<nil>,<nil>,INVALID,12643,V,315,146,17,1481,26,2024-10-01 00:00:00 +0000 UTC,2024-10-31 00:00:00 +0000 UTC,Distribuição,CODPRO E CODTAB,17,***************
31421022,3,4,32190,false,<nil>,<nil>,<nil>,<nil>,INVALID,9617,V,321.9,147,17,1481,26,2024-10-01 00:00:00 +0000 UTC,2024-10-31 00:00:00 +0000 UTC,Distribuição,CODPRO E CODTAB,17,***************
31421022,5,9,31390,false,<nil>,<nil>,<nil>,<nil>,INVALID,9617,V,313.9,147,17,1481,26,2024-10-01 00:00:00 +0000 UTC,2024-10-31 00:00:00 +0000 UTC,Distribuição,CODPRO E CODTAB,17,***************
31421022,10,1000,30000,false,<nil>,<nil>,<nil>,<nil>,INVALID,9617,V,300,147,17,1481,26,2024-10-01 00:00:00 +0000 UTC,2024-10-31 00:00:00 +0000 UTC,Distribuição,CODPRO E CODTAB,17,***************
31408053,3,4,43546,false,<nil>,<nil>,<nil>,<nil>,INVALID,12412,V,435.46,148,17,1481,26,2024-10-01 00:00:00 +0000 UTC,2024-10-12 00:00:00 +0000 UTC,Distribuição,CODPRO E CODTAB,17,***************
31408053,5,9,43046,false,<nil>,<nil>,<nil>,<nil>,INVALID,12412,V,430.46,148,17,1481,26,2024-10-01 00:00:00 +0000 UTC,2024-10-12 00:00:00 +0000 UTC,Distribuição,CODPRO E CODTAB,17,***************
31408053,10,1000,41790,false,<nil>,<nil>,<nil>,<nil>,INVALID,12412,V,417.9,148,17,1481,26,2024-10-01 00:00:00 +0000 UTC,2024-10-12 00:00:00 +0000 UTC,Distribuição,CODPRO E CODTAB,17,***************
31013353,3,4,47441,false,<nil>,<nil>,<nil>,<nil>,INVALID,9102,P,5,150,17,1481,26,2024-10-01 00:00:00 +0000 UTC,2024-10-12 00:00:00 +0000 UTC,Distribuição,CODPRO E CODTAB,17,***************
31013353,5,9,46442,false,<nil>,<nil>,<nil>,<nil>,INVALID,9102,P,7,150,17,1481,26,2024-10-01 00:00:00 +0000 UTC,2024-10-12 00:00:00 +0000 UTC,Distribuição,CODPRO E CODTAB,17,***************
31013353,10,1000,45444,false,<nil>,<nil>,<nil>,<nil>,INVALID,9102,P,9,150,17,1481,26,2024-10-01 00:00:00 +0000 UTC,2024-10-12 00:00:00 +0000 UTC,Distribuição,CODPRO E CODTAB,17,***************
